,Asset,RVRF,cantidad,Run Fondo
0,NAC,RF,5.77,CAPITAL-A
1,NAC,RF,4.78,CUPRUM-A
2,NAC,RF,6.21,HABITAT-A
3,NAC,RF,5.07,MODELO-A
4,NAC,RF,5.47,PLANVITAL-A
5,NAC,RF,3.7800000000000002,PROVIDA-A
6,NAC,RF,5.21,TOTAL-A
7,NAC,RF,24.44,CAPITAL-B
8,NAC,RF,23.69,CUPRUM-B
9,NAC,RF,24.83,HABITAT-B
10,NAC,RF,24.61,MODELO-B
11,NAC,RF,24.26,PLANVITAL-B
12,NAC,RF,22.56,PROVIDA-B
13,NAC,RF,24.01,TOTAL-B
14,NAC,RF,44.34,CAPITAL-C
15,NAC,RF,43.44,CUPRUM-C
16,NAC,RF,45.3,HABITAT-C
17,NAC,RF,43.73,MODELO-C
18,NAC,RF,43.28,PLANVITAL-C
19,NAC,RF,43.59,PROVIDA-C
20,NAC,RF,44.2,TOTAL-C
21,NAC,RF,66.77,CAPITAL-D
22,NAC,RF,65.19,CUPRUM-D
23,NAC,RF,68.29,HABITAT-D
24,NAC,RF,65.05,MODELO-D
25,NAC,RF,65.31,PLANVITAL-D
26,NAC,RF,65.44,PROVIDA-D
27,NAC,RF,66.38,TOTAL-D
28,NAC,RF,90.35,CAPITAL-E
29,NAC,RF,88.88,CUPRUM-E
30,NAC,RF,92.09,HABITAT-E
31,NAC,RF,88.3,MODELO-E
32,NAC,RF,90.29,PLANVITAL-E
33,NAC,RF,90.35,PROVIDA-E
34,NAC,RF,90.36,TOTAL-E
35,EXT,RF,15.7,CAPITAL-A
36,EXT,RF,15.65,CUPRUM-A
37,EXT,RF,14.75,HABITAT-A
38,EXT,RF,15.92,MODELO-A
39,EXT,RF,15.88,PLANVITAL-A
40,EXT,RF,16.58,PROVIDA-A
41,EXT,RF,15.6,TOTAL-A
42,EXT,RF,16.66,CAPITAL-B
43,EXT,RF,16.92,CUPRUM-B
44,EXT,RF,15.37,HABITAT-B
45,EXT,RF,16.84,MODELO-B
46,EXT,RF,17.52,PLANVITAL-B
47,EXT,RF,17.55,PROVIDA-B
48,EXT,RF,16.63,TOTAL-B
49,EXT,RF,16.06,CAPITAL-C
50,EXT,RF,16.93,CUPRUM-C
51,EXT,RF,15.15,HABITAT-C
52,EXT,RF,17.81,MODELO-C
53,EXT,RF,16.81,PLANVITAL-C
54,EXT,RF,16.63,PROVIDA-C
55,EXT,RF,16.19,TOTAL-C
56,EXT,RF,14.62,CAPITAL-D
57,EXT,RF,15.39,CUPRUM-D
58,EXT,RF,13.14,HABITAT-D
59,EXT,RF,16.08,MODELO-D
60,EXT,RF,15.6,PLANVITAL-D
61,EXT,RF,15.1,PROVIDA-D
62,EXT,RF,14.59,TOTAL-D
63,EXT,RF,4.82,CAPITAL-E
64,EXT,RF,6.23,CUPRUM-E
65,EXT,RF,2.66,HABITAT-E
66,EXT,RF,7.04,MODELO-E
67,EXT,RF,5.03,PLANVITAL-E
68,EXT,RF,4.57,PROVIDA-E
69,EXT,RF,4.65,TOTAL-E
70,NAC,RV,17.76,CAPITAL-A
71,NAC,RV,17.01,CUPRUM-A
72,NAC,RV,16.98,HABITAT-A
73,NAC,RV,16.0,MODELO-A
74,NAC,RV,16.88,PLANVITAL-A
75,NAC,RV,16.73,PROVIDA-A
76,NAC,RV,17.03,TOTAL-A
77,NAC,RV,16.42,CAPITAL-B
78,NAC,RV,15.57,CUPRUM-B
79,NAC,RV,15.82,HABITAT-B
80,NAC,RV,14.86,MODELO-B
81,NAC,RV,15.29,PLANVITAL-B
82,NAC,RV,15.33,PROVIDA-B
83,NAC,RV,15.65,TOTAL-B
84,NAC,RV,12.46,CAPITAL-C
85,NAC,RV,11.53,CUPRUM-C
86,NAC,RV,11.86,HABITAT-C
87,NAC,RV,10.84,MODELO-C
88,NAC,RV,12.33,PLANVITAL-C
89,NAC,RV,11.27,PROVIDA-C
90,NAC,RV,11.72,TOTAL-C
91,NAC,RV,5.4,CAPITAL-D
92,NAC,RV,5.38,CUPRUM-D
93,NAC,RV,5.37,HABITAT-D
94,NAC,RV,4.9,MODELO-D
95,NAC,RV,5.22,PLANVITAL-D
96,NAC,RV,4.94,PROVIDA-D
97,NAC,RV,5.22,TOTAL-D
98,NAC,RV,2.33,CAPITAL-E
99,NAC,RV,2.51,CUPRUM-E
100,NAC,RV,2.58,HABITAT-E
101,NAC,RV,2.3,MODELO-E
102,NAC,RV,2.39,PLANVITAL-E
103,NAC,RV,2.18,PROVIDA-E
104,NAC,RV,2.42,TOTAL-E
105,EXT,RV,61.29,CAPITAL-A
106,EXT,RV,63.22,CUPRUM-A
107,EXT,RV,62.22,HABITAT-A
108,EXT,RV,63.47,MODELO-A
109,EXT,RV,62.21,PLANVITAL-A
110,EXT,RV,63.27,PROVIDA-A
111,EXT,RV,62.57,TOTAL-A
112,EXT,RV,43.09,CAPITAL-B
113,EXT,RV,44.45,CUPRUM-B
114,EXT,RV,44.25,HABITAT-B
115,EXT,RV,44.11,MODELO-B
116,EXT,RV,43.37,PLANVITAL-B
117,EXT,RV,45.04,PROVIDA-B
118,EXT,RV,44.19,TOTAL-B
119,EXT,RV,27.55,CAPITAL-C
120,EXT,RV,28.65,CUPRUM-C
121,EXT,RV,27.92,HABITAT-C
122,EXT,RV,27.97,MODELO-C
123,EXT,RV,27.86,PLANVITAL-C
124,EXT,RV,28.84,PROVIDA-C
125,EXT,RV,28.24,TOTAL-C
126,EXT,RV,13.78,CAPITAL-D
127,EXT,RV,14.49,CUPRUM-D
128,EXT,RV,13.52,HABITAT-D
129,EXT,RV,14.31,MODELO-D
130,EXT,RV,14.36,PLANVITAL-D
131,EXT,RV,14.98,PROVIDA-D
132,EXT,RV,14.25,TOTAL-D
133,EXT,RV,2.69,CAPITAL-E
134,EXT,RV,2.43,CUPRUM-E
135,EXT,RV,2.44,HABITAT-E
136,EXT,RV,2.46,MODELO-E
137,EXT,RV,2.44,PLANVITAL-E
138,EXT,RV,2.91,PROVIDA-E
139,EXT,RV,2.5700000000000003,TOTAL-E
140,Otro,Otro,-0.53,CAPITAL-A
141,Otro,Otro,-0.66,CUPRUM-A
142,Otro,Otro,-0.15999999999999998,HABITAT-A
143,Otro,Otro,-0.46,MODELO-A
144,Otro,Otro,-0.43000000000000005,PLANVITAL-A
145,Otro,Otro,-0.36,PROVIDA-A
146,Otro,Otro,-0.42000000000000004,TOTAL-A
147,Otro,Otro,-0.61,CAPITAL-B
148,Otro,Otro,-0.63,CUPRUM-B
149,Otro,Otro,-0.27,HABITAT-B
150,Otro,Otro,-0.42,MODELO-B
151,Otro,Otro,-0.44,PLANVITAL-B
152,Otro,Otro,-0.49000000000000005,PROVIDA-B
153,Otro,Otro,-0.4700000000000001,TOTAL-B
154,Otro,Otro,-0.42,CAPITAL-C
155,Otro,Otro,-0.55,CUPRUM-C
156,Otro,Otro,-0.22999999999999998,HABITAT-C
157,Otro,Otro,-0.35000000000000003,MODELO-C
158,Otro,Otro,-0.27,PLANVITAL-C
159,Otro,Otro,-0.33,PROVIDA-C
160,Otro,Otro,-0.36000000000000004,TOTAL-C
161,Otro,Otro,-0.5599999999999999,CAPITAL-D
162,Otro,Otro,-0.45,CUPRUM-D
163,Otro,Otro,-0.32000000000000006,HABITAT-D
164,Otro,Otro,-0.34,MODELO-D
165,Otro,Otro,-0.5,PLANVITAL-D
166,Otro,Otro,-0.46,PROVIDA-D
167,Otro,Otro,-0.45000000000000007,TOTAL-D
168,Otro,Otro,-0.19,CAPITAL-E
169,Otro,Otro,-0.04999999999999999,CUPRUM-E
170,Otro,Otro,0.24,HABITAT-E
171,Otro,Otro,-0.10999999999999999,MODELO-E
172,Otro,Otro,-0.16,PLANVITAL-E
173,Otro,Otro,-0.010000000000000009,PROVIDA-E
174,Otro,Otro,0.009999999999999981,TOTAL-E
175,NAC,RF,95.01999999999997,8011
176,NAC,RF,92.63400000000004,8023
177,NAC,RF,74.38600000000002,8026
178,NAC,RF,92.32800000000002,8028
179,NAC,RF,97.49999999999999,8029
180,EXT,RV,43.458999999999996,8032
181,NAC,RF,17.714999999999996,8032
182,NAC,RV,36.110000000000014,8032
183,NAC,RF,91.60300000000001,8035
184,NAC,RF,99.98900000000005,8036
185,NAC,RF,99.64399999999998,8037
186,NAC,RF,1.689,8038
187,NAC,RV,98.00399999999998,8038
188,NAC,RV,94.11200000000001,8043
189,NAC,RF,99.727,8045
190,NAC,RF,0.865,8046
191,NAC,RV,99.04299999999999,8046
192,NAC,RF,86.08300000000001,8048
193,NAC,RF,99.772,8049
194,NAC,RF,89.033,8050
195,NAC,RF,91.39900000000002,8052
196,NAC,RF,95.86600000000003,8053
197,EXT,RV,97.25299999999997,8054
198,NAC,RV,1.176,8054
199,NAC,RF,99.71500000000002,8055
200,NAC,RF,91.38700000000003,8057
201,EXT,RV,96.58599999999998,8058
202,NAC,RF,1.7220000000000002,8058
203,NAC,RF,94.97600000000001,8059
204,NAC,RV,97.91300000000001,8062
205,NAC,RF,98.51400000000007,8063
206,NAC,RF,99.88400000000003,8064
207,NAC,RF,0.146,8074
208,NAC,RV,99.41999999999997,8074
209,NAC,RF,0.322,8076
210,NAC,RV,99.33000000000001,8076
211,NAC,RF,72.53300000000004,8077
212,NAC,RF,0.452,8077
213,EXT,RV,98.142,8078
214,NAC,RF,0.985,8078
215,NAC,RF,86.09899999999999,8082
216,NAC,RF,0.5640000000000001,8082
217,EXT,RV,92.55299999999998,8088
218,NAC,RF,94.54900000000018,8089
219,EXT,RV,96.685,8090
220,NAC,RF,1.6469999999999998,8090
221,NAC,RF,99.987,8092
222,EXT,RV,98.05000000000004,8097
223,NAC,RF,0.6450000000000001,8097
224,EXT,RV,86.09999999999998,8098
225,NAC,RF,0.727,8098
226,NAC,RV,10.322,8098
227,NAC,RF,99.04599999999989,8100
228,NAC,RF,96.84899999999998,8102
229,NAC,RF,99.70000000000002,8104
230,NAC,RF,98.85500000000005,8105
231,NAC,RF,92.501,8106
232,NAC,RF,98.72800000000008,8107
233,NAC,RF,99.98800000000007,8108
234,NAC,RF,98.358,8111
235,EXT,RV,97.70400000000001,8113
236,NAC,RF,1.7610000000000001,8113
237,EXT,RV,99.13700000000001,8114
238,NAC,RF,76.11199999999998,8115
239,EXT,RV,33.074999999999996,8116
240,NAC,RF,55.467,8116
241,NAC,RV,8.870000000000001,8116
242,NAC,RF,96.85299999999998,8117
243,NAC,RF,97.83399999999999,8118
244,NAC,RF,9.748000000000001,8119
245,NAC,RV,90.099,8119
246,NAC,RF,91.18199999999997,8125
247,NAC,RF,93.76099999999997,8127
248,EXT,RV,97.557,8129
249,NAC,RF,99.93200000000003,8130
250,EXT,RV,96.956,8131
251,EXT,RV,83.22,8133
252,NAC,RF,9.225000000000001,8133
253,NAC,RV,6.181,8133
254,NAC,RF,97.895,8134
255,NAC,RF,95.287,8135
256,NAC,RF,97.37600000000003,8141
257,NAC,RF,0.077,8142
258,NAC,RV,99.50399999999999,8142
259,NAC,RF,94.08400000000012,8152
260,EXT,RV,97.19800000000001,8159
261,NAC,RF,1.5610000000000002,8159
262,EXT,RV,97.419,8160
263,NAC,RF,0.759,8160
264,NAC,RV,98.47999999999998,8170
265,EXT,RV,97.183,8172
266,NAC,RF,99.96700000000003,8174
267,NAC,RV,98.601,8176
268,NAC,RF,99.99500000000009,8177
269,EXT,RV,99.11199999999998,8178
270,EXT,RV,96.05099999999999,8183
271,NAC,RF,0.037,8183
272,NAC,RF,99.80599999999998,8187
273,EXT,RV,15.959,8188
274,NAC,RF,70.905,8188
275,NAC,RV,9.163,8188
276,EXT,RV,98.342,8189
277,NAC,RF,57.03600000000002,8193
278,NAC,RV,42.389,8193
279,NAC,RF,75.14699999999999,8202
280,NAC,RF,98.99900000000007,8203
281,NAC,RV,97.86699999999999,8204
282,EXT,RV,96.925,8205
283,EXT,RV,88.17200000000001,8206
284,NAC,RV,9.454,8206
285,EXT,RF,77.28800000000001,8207
286,NAC,RF,15.453000000000001,8207
287,NAC,RF,95.35600000000004,8209
288,EXT,RF,9.056999999999999,8230
289,NAC,RF,88.66,8230
290,NAC,RF,98.56899999999999,8234
291,NAC,RF,98.22000000000001,8238
292,NAC,RF,99.88700000000003,8240
293,NAC,RF,0.027,8240
294,EXT,RF,84.42000000000002,8244
295,NAC,RF,9.049,8244
296,EXT,RV,29.009,8245
297,NAC,RF,27.730000000000004,8245
298,NAC,RV,37.833999999999996,8245
299,NAC,RF,89.79599999999998,8246
300,NAC,RF,0.098,8246
301,EXT,RV,53.647,8247
302,NAC,RV,41.967,8247
303,NAC,RF,95.035,8248
304,EXT,RF,70.15599999999999,8249
305,NAC,RF,23.218000000000007,8249
306,NAC,RF,97.613,8250
307,EXT,RV,54.37000000000003,8251
308,NAC,RF,34.638999999999996,8251
309,NAC,RV,9.175,8251
310,EXT,RV,68.74699999999999,8252
311,NAC,RF,16.391000000000002,8252
312,NAC,RV,13.100000000000001,8252
313,NAC,RF,81.00699999999996,8253
314,EXT,RF,13.86,8254
315,EXT,RF,83.38000000000001,8254
316,NAC,RF,99.77999999999997,8257
317,NAC,RF,99.91700000000003,8263
318,NAC,RF,0.016,8263
319,EXT,RF,14.861,8264
320,EXT,RV,77.927,8264
321,NAC,RF,5.522,8264
322,NAC,RF,93.79400000000001,8265
323,NAC,RV,6.047000000000001,8265
324,NAC,RF,98.44500000000001,8274
325,NAC,RF,97.90299999999999,8275
326,EXT,RV,95.76400000000001,8277
327,NAC,RV,1.661,8277
328,NAC,RF,49.35600000000004,8280
329,NAC,RF,0.425,8280
330,NAC,RF,10.056,8285
331,NAC,RV,89.782,8285
332,NAC,RF,10.322000000000001,8286
333,NAC,RV,89.287,8286
334,NAC,RF,83.98599999999998,8287
335,NAC,RV,98.52099999999999,8289
336,NAC,RF,96.437,8292
337,EXT,RV,99.19200000000001,8294
338,EXT,RV,28.205999999999996,8295
339,NAC,RF,24.891000000000002,8295
340,NAC,RV,43.961,8295
341,EXT,RV,98.46600000000001,8299
342,EXT,RV,97.64599999999997,8300
343,EXT,RV,98.22200000000002,8301
344,EXT,RV,28.110999999999997,8302
345,NAC,RF,36.796000000000014,8302
346,NAC,RV,33.45499999999999,8302
347,EXT,RV,58.306,8303
348,NAC,RF,0.8069999999999999,8303
349,NAC,RV,38.818999999999996,8303
350,NAC,RF,95.76899999999998,8304
351,EXT,RV,0.41000000000000003,8305
352,NAC,RF,3.5050000000000003,8305
353,NAC,RV,95.66,8305
354,EXT,RF,2.823,8306
355,EXT,RV,35.702000000000005,8306
356,NAC,RV,58.359999999999985,8306
357,NAC,RF,99.90100000000011,8315
358,NAC,RF,96.20900000000012,8316
359,NAC,RF,91.59399999999994,8317
360,NAC,RF,97.78099999999999,8319
361,NAC,RF,98.73899999999995,8320
362,EXT,RV,93.059,8323
363,NAC,RV,6.7010000000000005,8323
364,NAC,RF,91.89400000000002,8325
365,NAC,RF,98.79600000000005,8327
366,NAC,RF,99.98799999999999,8333
367,EXT,RF,1.8169999999999997,8336
368,EXT,RV,50.202000000000005,8336
369,NAC,RF,0.262,8336
370,NAC,RV,47.00799999999999,8336
371,NAC,RF,99.98499999999999,8338
372,NAC,RF,99.42100000000002,8345
373,NAC,RF,93.76500000000003,8346
374,EXT,RV,18.944000000000003,8347
375,NAC,RF,76.60199999999999,8347
376,EXT,RV,65.40300000000002,8348
377,NAC,RF,27.229000000000006,8348
378,NAC,RF,99.96199999999997,8352
379,NAC,RF,95.58300000000003,8357
380,NAC,RF,99.15800000000004,8358
381,NAC,RF,92.85499999999993,8363
382,NAC,RF,99.943,8367
383,NAC,RF,0.13799999999999998,8372
384,NAC,RV,98.63299999999998,8372
385,EXT,RV,96.232,8373
386,NAC,RF,99.84300000000006,8375
387,NAC,RF,0.091,8375
388,NAC,RV,97.47000000000001,8377
389,EXT,RV,97.78099999999996,8379
390,NAC,RF,0.9450000000000001,8379
391,NAC,RV,97.77300000000001,8380
392,NAC,RV,99.94699999999999,8381
393,NAC,RF,83.17099999999999,8384
394,EXT,RV,7.761,8387
395,NAC,RF,84.05799999999994,8387
396,EXT,RV,34.969,8392
397,NAC,RF,42.77399999999999,8392
398,NAC,RV,10.076,8392
399,NAC,RF,91.83500000000001,8393
400,NAC,RF,4.811999999999999,8395
401,NAC,RV,92.66,8395
402,NAC,RF,99.965,8401
403,EXT,RV,99.166,8409
404,NAC,RF,91.80200000000002,8411
405,EXT,RV,67.40500000000002,8413
406,NAC,RF,20.303,8413
407,NAC,RV,6.5969999999999995,8413
408,NAC,RF,85.76900000000003,8421
409,NAC,RV,14.156,8421
410,NAC,RF,94.30199999999995,8422
411,EXT,RV,95.76600000000002,8427
412,NAC,RV,2.58,8427
413,NAC,RV,98.05600000000001,8430
414,EXT,RV,86.73599999999999,8434
415,NAC,RV,11.398,8434
416,EXT,RV,71.17799999999998,8435
417,NAC,RV,28.074999999999996,8435
418,EXT,RV,98.699,8437
419,EXT,RV,98.39299999999999,8438
420,NAC,RF,0.19699999999999998,8438
421,EXT,RV,94.919,8442
422,NAC,RV,98.928,8448
423,NAC,RV,98.322,8452
424,NAC,RF,86.124,8455
425,NAC,RV,12.868999999999998,8455
426,EXT,RV,97.21300000000001,8456
427,NAC,RV,1.923,8456
428,EXT,RV,94.68100000000001,8457
429,NAC,RV,1.197,8457
430,EXT,RV,99.16100000000003,8458
431,NAC,RV,0.612,8458
432,NAC,RF,99.61299999999999,8459
433,NAC,RF,99.95500000000001,8460
434,EXT,RV,97.38,8471
435,NAC,RF,2.412,8471
436,EXT,RV,96.707,8475
437,NAC,RV,2.29,8475
438,EXT,RV,96.49100000000001,8479
439,NAC,RF,0.534,8479
440,EXT,RV,97.557,8480
441,EXT,RV,96.94099999999999,8481
442,EXT,RV,82.425,8482
443,NAC,RV,10.905,8482
444,EXT,RV,98.495,8484
445,EXT,RV,96.817,8488
446,NAC,RF,2.334,8488
447,NAC,RV,99.83500000000002,8490
448,EXT,RF,0.538,8492
449,EXT,RV,61.114000000000004,8492
450,NAC,RV,36.221000000000004,8492
451,EXT,RV,99.904,8493
452,EXT,RV,97.71,8494
453,NAC,RF,2.075,8494
454,EXT,RV,94.20500000000001,8495
455,NAC,RF,2.2430000000000003,8495
456,NAC,RV,3.221,8495
457,EXT,RF,74.622,8502
458,NAC,RF,19.011999999999997,8502
459,NAC,RF,99.41199999999999,8506
460,EXT,RV,98.93100000000001,8513
461,EXT,RV,98.96000000000001,8514
462,EXT,RV,98.755,8515
463,EXT,RV,97.706,8517
464,EXT,RV,96.485,8519
465,EXT,RV,74.28400000000002,8521
466,NAC,RF,9.106,8521
467,NAC,RV,2.651,8521
468,EXT,RV,53.11099999999999,8525
469,NAC,RF,29.323,8525
470,NAC,RV,15.287,8525
471,NAC,RV,98.849,8529
472,NAC,RF,99.82600000000002,8532
473,EXT,RV,92.578,8533
474,EXT,RV,96.798,8534
475,NAC,RV,98.68800000000002,8536
476,EXT,RV,77.59400000000001,8537
477,NAC,RV,19.923000000000002,8537
478,NAC,RF,1.34,8553
479,NAC,RV,98.54700000000001,8553
480,NAC,RV,97.83,8555
481,EXT,RV,95.22300000000003,8575
482,EXT,RV,55.88999999999999,8576
483,NAC,RF,24.826000000000004,8576
484,NAC,RV,15.483000000000004,8576
485,EXT,RV,73.514,8577
486,NAC,RF,7.014000000000001,8577
487,NAC,RV,17.21,8577
488,EXT,RV,39.73400000000001,8578
489,NAC,RF,39.53800000000001,8578
490,NAC,RV,11.434000000000003,8578
491,NAC,RF,99.703,8588
492,EXT,RV,95.90699999999998,8589
493,EXT,RV,79.30899999999997,8600
494,NAC,RF,3.8780000000000006,8600
495,NAC,RV,15.831,8600
496,EXT,RV,39.63199999999999,8604
497,NAC,RV,52.831999999999994,8604
498,NAC,RF,95.615,8606
499,NAC,RF,99.38800000000005,8608
500,NAC,RF,96.48300000000002,8609
501,EXT,RV,96.42699999999998,8610
502,NAC,RF,2.665,8610
503,NAC,RF,98.49100000000001,8615
504,NAC,RF,75.03599999999997,8618
505,EXT,RV,91.669,8619
506,NAC,RF,0.548,8619
507,NAC,RF,99.92999999999999,8620
508,EXT,RV,95.39699999999999,8621
509,NAC,RF,4.541,8621
510,NAC,RF,93.378,8622
511,EXT,RV,99.04499999999997,8625
512,NAC,RF,96.119,8629
513,EXT,RV,22.945000000000004,8638
514,NAC,RF,3.485999999999997,8638
515,NAC,RV,72.783,8638
516,EXT,RV,45.013,8639
517,NAC,RF,0.613,8639
518,NAC,RV,53.758,8639
519,EXT,RV,71.223,8640
520,NAC,RV,26.903,8640
521,EXT,RF,98.34799999999998,8661
522,NAC,RF,99.95700000000002,8676
523,NAC,RF,99.51400000000002,8678
524,NAC,RV,98.35399999999998,8679
525,EXT,RV,86.666,8684
526,NAC,RV,10.499000000000002,8684
527,NAC,RV,97.79799999999997,8685
528,EXT,RV,52.92900000000001,8687
529,NAC,RF,13.332,8687
530,NAC,RV,30.071,8687
531,EXT,RV,78.795,8694
532,NAC,RF,1.233,8694
533,NAC,RV,18.456,8694
534,EXT,RV,46.67700000000001,8695
535,NAC,RF,34.618,8695
536,NAC,RV,12.963,8695
537,EXT,RV,2.2600000000000002,8696
538,NAC,RF,69.83000000000001,8696
539,NAC,RV,14.588999999999999,8696
540,NAC,RF,99.92599999999999,8702
541,EXT,RV,91.41799999999999,8705
542,NAC,RV,7.495,8705
543,EXT,RV,97.06600000000003,8707
544,EXT,RV,95.30400000000003,8710
545,EXT,RV,97.209,8712
546,NAC,RV,94.74499999999999,8723
547,EXT,RV,95.601,8725
548,NAC,RF,99.90799999999997,8730
549,NAC,RF,99.44000000000007,8731
550,EXT,RV,63.03899999999999,8740
551,NAC,RF,18.877000000000002,8740
552,NAC,RV,13.177999999999999,8740
553,EXT,RV,16.213,8741
554,NAC,RF,76.14099999999998,8741
555,NAC,RV,5.13,8741
556,EXT,RV,89.78399999999999,8744
557,EXT,RV,97.138,8749
558,EXT,RV,99.44,8750
559,EXT,RV,82.34200000000001,8753
560,NAC,RF,6.0169999999999995,8753
561,NAC,RF,99.96099999999994,8755
562,NAC,RF,99.601,8757
563,NAC,RF,99.97600000000001,8766
564,EXT,RV,28.019000000000002,8773
565,NAC,RF,64.93800000000003,8773
566,NAC,RV,5.050999999999999,8773
567,EXT,RV,42.79500000000001,8774
568,NAC,RF,43.45,8774
569,NAC,RV,12.063999999999998,8774
570,EXT,RV,75.29499999999997,8775
571,NAC,RF,2.7199999999999998,8775
572,NAC,RV,19.636,8775
573,EXT,RV,86.24,8776
574,EXT,RV,96.70899999999999,8777
575,EXT,RV,69.24700000000001,8785
576,NAC,RF,8.893,8785
577,NAC,RV,19.753,8785
578,NAC,RV,96.74300000000001,8787
579,NAC,RF,41.499,8788
580,NAC,RV,55.69799999999999,8788
581,NAC,RV,99.286,8789
582,EXT,RV,88.25500000000002,8795
583,NAC,RV,10.649000000000001,8795
584,EXT,RV,87.53799999999997,8799
585,NAC,RF,1.353,8799
586,EXT,RV,98.43700000000001,8801
587,EXT,RV,15.449999999999998,8805
588,NAC,RF,63.312000000000005,8805
589,NAC,RV,15.554,8805
590,NAC,RF,99.63199999999998,8806
591,NAC,RF,93.88999999999997,8807
592,EXT,RV,88.88000000000001,8811
593,NAC,RV,9.685000000000002,8811
594,NAC,RV,97.20199999999998,8812
595,EXT,RV,81.75,8813
596,NAC,RV,97.70599999999997,8819
597,EXT,RV,97.259,8820
598,EXT,RV,96.33799999999998,8822
599,NAC,RV,1.389,8822
600,EXT,RF,82.07900000000001,8823
601,NAC,RF,14.302000000000001,8823
602,EXT,RV,78.302,8824
603,NAC,RF,3.496,8824
604,NAC,RV,17.165999999999997,8824
605,EXT,RV,60.708999999999996,8825
606,NAC,RF,19.778999999999996,8825
607,NAC,RV,15.653,8825
608,EXT,RV,43.47699999999998,8826
609,NAC,RF,38.69499999999999,8826
610,NAC,RV,11.600000000000001,8826
611,EXT,RV,27.982999999999997,8827
612,NAC,RF,56.34999999999997,8827
613,NAC,RV,5.281999999999999,8827
614,EXT,RV,56.766,8844
615,NAC,RF,18.826000000000004,8844
616,NAC,RV,18.48,8844
617,EXT,RV,23.42,8845
618,NAC,RF,51.727000000000004,8845
619,NAC,RV,14.186,8845
620,EXT,RV,3.8819999999999997,8846
621,NAC,RF,86.86899999999996,8846
622,NAC,RV,3.0249999999999995,8846
623,NAC,RF,87.45700000000004,8853
624,NAC,RV,1.8599999999999999,8853
625,NAC,RV,99.492,8857
626,EXT,RV,73.998,8858
627,NAC,RV,24.296,8858
628,EXT,RV,73.58000000000004,8859
629,NAC,RV,21.296,8859
630,NAC,RV,99.09400000000001,8872
631,NAC,RF,99.88600000000001,8881
632,EXT,RV,92.62500000000001,8885
633,NAC,RF,94.55700000000002,8886
634,NAC,RV,98.061,8890
635,EXT,RV,96.71,8893
636,NAC,RF,0.9400000000000001,8893
637,NAC,RF,99.65200000000003,8897
638,NAC,RV,97.62500000000001,8898
639,EXT,RV,24.732000000000003,8900
640,NAC,RF,59.506,8900
641,NAC,RV,5.234,8900
642,NAC,RF,99.72999999999999,8902
643,EXT,RV,89.79,8906
644,NAC,RF,6.030000000000001,8906
645,NAC,RF,91.74699999999997,8907
646,EXT,RV,59.62800000000001,8908
647,NAC,RF,18.369999999999997,8908
648,NAC,RV,20.468,8908
649,NAC,RF,58.11499999999999,8910
650,EXT,RV,36.266,8911
651,NAC,RF,30.162000000000006,8911
652,NAC,RV,12.577000000000004,8911
653,NAC,RF,1.8900000000000001,8912
654,NAC,RV,97.40500000000007,8912
655,EXT,RV,96.63900000000001,8915
656,EXT,RV,98.222,8916
657,NAC,RV,96.94299999999998,8918
658,EXT,RV,98.57400000000001,8924
659,NAC,RV,99.09699999999997,8929
660,NAC,RF,79.38499999999999,8931
661,NAC,RF,99.17199999999998,8932
662,EXT,RF,2.673,8933
663,NAC,RF,89.68599999999998,8933
664,NAC,RF,3.999,8933
665,NAC,RF,98.52500000000002,8934
666,EXT,RV,96.79400000000001,8935
667,EXT,RV,95.04899999999999,8937
668,EXT,RV,98.253,8940
669,NAC,RF,96.90499999999997,8941
670,EXT,RV,78.084,8944
671,NAC,RF,5.48,8944
672,NAC,RF,96.96299999999998,8945
673,EXT,RV,98.254,8946
674,EXT,RV,98.427,8948
675,NAC,RV,0.0,8948
676,NAC,RF,99.73500000000004,8950
677,NAC,RF,99.90200000000003,8952
678,NAC,RF,99.95200000000001,8953
679,NAC,RF,10.341,8954
680,NAC,RV,89.284,8954
681,NAC,RF,99.47200000000008,8956
682,EXT,RF,53.902,8957
683,NAC,RF,36.388999999999996,8957
684,NAC,RF,93.35799999999998,8959
685,NAC,RV,4.907,8959
686,NAC,RF,71.141,8966
687,NAC,RV,27.108,8966
688,EXT,RF,84.247,8967
689,NAC,RF,14.721,8967
690,NAC,RF,99.0,8970
691,EXT,RV,78.81099999999999,8971
692,NAC,RF,2.089,8971
693,NAC,RV,6.8469999999999995,8971
694,NAC,RF,99.92900000000006,8976
695,EXT,RV,59.396,8979
696,NAC,RF,8.318,8979
697,NAC,RV,31.229,8979
698,EXT,RV,99.23,8980
699,NAC,RV,98.50099999999999,8982
700,NAC,RF,92.08199999999998,8986
701,EXT,RV,99.562,8987
702,NAC,RF,94.53900000000002,8991
703,EXT,RV,36.907000000000004,8992
704,NAC,RF,29.293999999999997,8992
705,NAC,RV,32.588,8992
706,EXT,RV,55.79500000000002,8993
707,NAC,RF,21.910999999999998,8993
708,NAC,RV,19.899,8993
709,EXT,RV,28.752999999999997,8994
710,NAC,RF,28.132000000000005,8994
711,NAC,RV,42.152,8994
712,EXT,RV,28.510999999999996,8995
713,NAC,RF,38.819,8995
714,NAC,RV,8.880999999999998,8995
715,EXT,RV,60.672999999999995,8996
716,NAC,RF,22.408000000000005,8996
717,NAC,RV,10.625000000000002,8996
718,EXT,RV,9.747,8997
719,NAC,RF,62.90299999999997,8997
720,NAC,RF,99.66599999999995,9003
721,EXT,RV,93.09500000000001,9004
722,EXT,RV,97.01400000000001,9005
723,EXT,RV,42.352,9006
724,NAC,RF,41.18400000000002,9006
725,NAC,RV,12.681999999999999,9006
726,EXT,RV,94.655,9007
727,NAC,RV,99.782,9019
728,NAC,RF,93.21000000000001,9021
729,NAC,RF,78.06900000000003,9022
730,EXT,RV,94.18600000000005,9023
731,EXT,RV,97.12400000000001,9024
732,NAC,RF,91.25400000000003,9025
733,NAC,RV,4.24,9025
734,EXT,RV,95.726,9027
735,NAC,RF,96.66599999999995,9033
736,NAC,RF,85.25700000000006,9034
737,NAC,RF,0.453,9034
738,EXT,RV,88.991,9038
739,EXT,RV,30.622,9041
740,NAC,RF,47.41999999999999,9041
741,NAC,RV,13.993,9041
742,EXT,RV,73.34799999999998,9042
743,NAC,RF,8.693,9042
744,NAC,RV,15.429,9042
745,NAC,RV,98.199,9043
746,EXT,RV,97.35799999999999,9048
747,NAC,RF,92.06699999999998,9054
748,NAC,RF,99.59500000000004,9056
749,EXT,RV,67.42499999999998,9060
750,NAC,RV,31.846,9060
751,EXT,RV,2.584,9061
752,NAC,RF,97.11800000000002,9061
753,EXT,RV,40.154999999999994,9062
754,NAC,RF,4.083,9062
755,NAC,RV,55.003,9062
756,EXT,RV,29.277,9063
757,NAC,RF,15.206,9063
758,NAC,RV,54.99099999999999,9063
759,NAC,RF,99.119,9065
760,NAC,RV,99.146,9067
761,NAC,RF,97.26899999999999,9072
762,EXT,RF,82.49300000000001,9073
763,NAC,RF,10.673000000000002,9073
764,NAC,RF,89.1649999999999,9074
765,EXT,RV,15.100999999999999,9079
766,NAC,RF,76.618,9079
767,NAC,RV,7.414,9079
768,NAC,RF,99.64900000000002,9084
769,EXT,RV,80.96900000000002,9094
770,NAC,RV,16.846,9094
771,EXT,RV,99.93,9102
772,NAC,RF,37.355999999999995,9104
773,NAC,RF,99.90300000000005,9106
774,NAC,RF,99.858,9145
775,NAC,RF,93.299,9154
776,NAC,RF,96.57000000000002,9158
777,EXT,RF,87.64099999999999,9162
778,NAC,RF,2.335,9162
779,NAC,RV,2.022,9162
780,NAC,RF,99.258,9166
781,EXT,RV,99.623,9187
782,NAC,RF,10.344000000000003,9189
783,NAC,RV,89.46,9189
784,EXT,RV,7.17,9190
785,NAC,RV,91.17499999999998,9190
786,EXT,RV,2.403,9191
787,NAC,RV,93.615,9191
788,EXT,RV,4.946999999999999,9192
789,NAC,RV,93.28999999999999,9192
790,EXT,RV,9.894,9193
791,NAC,RV,85.577,9193
792,NAC,RF,91.492,9201
793,NAC,RV,8.383000000000001,9201
794,EXT,RV,97.08699999999999,9209
795,EXT,RF,32.89,9221
796,NAC,RF,57.237,9221
797,NAC,RF,49.26699999999996,9222
798,EXT,RV,98.74,9223
799,NAC,RF,99.77700000000002,9226
800,NAC,RF,97.45,9228
801,NAC,RV,2.477,9228
802,EXT,RV,93.873,9231
803,NAC,RF,6.085,9231
804,NAC,RF,97.32100000000003,9238
805,NAC,RF,97.30400000000003,9248
806,NAC,RV,2.621,9248
807,NAC,RF,99.491,9253
808,EXT,RV,94.844,9254
809,EXT,RV,97.05100000000002,9255
810,NAC,RF,93.78800000000001,9259
811,NAC,RF,92.443,9260
812,EXT,RV,33.902,9261
813,NAC,RF,59.528999999999996,9261
814,NAC,RF,88.05899999999997,9291
815,EXT,RV,84.99400000000001,9294
816,NAC,RF,9.376000000000001,9294
817,NAC,RF,99.511,9310
818,EXT,RF,76.479,9328
819,NAC,RF,11.332,9328
820,EXT,RV,94.529,9345
821,EXT,RV,96.249,9352
822,NAC,RV,99.47200000000002,9362
823,EXT,RF,78.218,9365
824,NAC,RF,18.403,9365
825,EXT,RV,67.561,9371
826,NAC,RV,31.755999999999997,9371
827,EXT,RV,96.66199999999998,9372
828,NAC,RF,99.30000000000001,9399
829,NAC,RF,74.312,9405
830,NAC,RV,14.277,9405
831,EXT,RF,74.34200000000001,9412
832,NAC,RF,22.186,9412
833,NAC,RV,93.96599999999998,9414
834,NAC,RF,99.321,9421
835,NAC,RF,92.83099999999999,9422
836,NAC,RF,82.71499999999992,9426
837,EXT,RV,11.368,9428
838,NAC,RV,83.413,9428
839,EXT,RV,7.589,9429
840,NAC,RV,90.33300000000001,9429
841,EXT,RV,2.882,9430
842,NAC,RV,95.37700000000001,9430
843,EXT,RV,8.76,9431
844,NAC,RV,88.252,9431
845,EXT,RV,4.949,9432
846,NAC,RV,92.79899999999999,9432
847,EXT,RF,67.457,9440
848,NAC,RF,15.077000000000002,9440
849,EXT,RF,47.138000000000005,9445
850,NAC,RF,52.341,9445
851,EXT,RV,99.964,9447
852,EXT,RF,85.90499999999999,9449
853,NAC,RF,8.213,9449
854,EXT,RV,33.855,9450
855,NAC,RV,64.083,9450
856,EXT,RV,94.33500000000001,9456
857,NAC,RV,4.166,9456
858,EXT,RF,67.763,9457
859,NAC,RF,20.067,9457
860,EXT,RV,75.462,9473
861,NAC,RF,1.06,9473
862,NAC,RV,19.938,9473
863,EXT,RV,48.910000000000004,9474
864,NAC,RV,47.480999999999995,9474
865,NAC,RF,81.92299999999999,9484
866,EXT,RV,99.972,9487
867,NAC,RV,99.42800000000001,9489
868,EXT,RV,99.61000000000001,9490
869,NAC,RF,11.686,9511
870,NAC,RV,87.682,9511
871,EXT,RV,99.778,9519
872,EXT,RV,99.723,9521
873,NAC,RV,100.0,9533
874,EXT,RF,96.132,9535
875,NAC,RF,1.1320000000000001,9537
876,NAC,RV,96.83,9537
877,NAC,RF,87.37199999999996,9539
878,NAC,RV,12.559,9539
879,EXT,RF,86.776,9541
880,EXT,RV,99.818,9547
881,NAC,RV,92.54899999999998,9548
882,EXT,RF,99.03500000000001,9557
883,EXT,RF,5.698,9561
884,EXT,RV,88.92200000000001,9561
885,NAC,RF,1.681,9561
886,NAC,RV,0.003,9561
887,NAC,RF,88.28200000000004,9564
888,NAC,RV,11.68,9564
889,EXT,RV,11.523,9568
890,NAC,RV,79.547,9568
891,EXT,RV,41.929,9569
892,NAC,RV,53.558,9569
893,EXT,RV,79.569,9570
894,EXT,RV,11.523,9575
895,NAC,RV,87.85199999999999,9575
896,EXT,RV,1.924,9576
897,NAC,RV,90.191,9576
898,EXT,RV,4.166,9577
899,NAC,RV,95.80000000000001,9577
900,EXT,RV,98.631,9585
901,NAC,RF,87.12400000000002,9586
902,EXT,RF,30.875,9587
903,NAC,RF,56.929999999999986,9587
904,EXT,RV,9.623000000000001,9593
905,NAC,RV,87.231,9593
906,EXT,RV,8.742,9594
907,NAC,RV,88.344,9594
908,EXT,RV,8.677999999999999,9595
909,NAC,RV,90.044,9595
910,EXT,RV,4.785,9596
911,NAC,RV,91.421,9596
912,NAC,RF,96.04800000000009,9597
913,NAC,RV,87.524,9607
914,NAC,RV,88.759,9608
915,NAC,RV,87.756,9609
916,NAC,RV,91.278,9610
917,EXT,RV,92.031,9625
918,NAC,RV,2.774,9625
919,NAC,RF,99.98500000000001,9630
920,NAC,RF,86.985,9632
921,NAC,RV,99.946,9646
922,NAC,RV,99.987,9647
923,NAC,RV,75.65799999999999,9648
924,NAC,RV,99.982,9649
925,Otro,Otro,4.980000000000032,8011
926,Otro,Otro,7.365999999999957,8023
927,Otro,Otro,25.613999999999976,8026
928,Otro,Otro,7.671999999999983,8028
929,Otro,Otro,2.500000000000014,8029
930,Otro,Otro,2.715999999999994,8032
931,Otro,Otro,8.396999999999991,8035
932,Otro,Otro,0.010999999999953047,8036
933,Otro,Otro,0.35600000000002296,8037
934,Otro,Otro,0.30700000000001637,8038
935,Otro,Otro,5.887999999999991,8043
936,Otro,Otro,0.27299999999999613,8045
937,Otro,Otro,0.09200000000001296,8046
938,Otro,Otro,13.916999999999987,8048
939,Otro,Otro,0.22799999999999443,8049
940,Otro,Otro,10.966999999999999,8050
941,Otro,Otro,8.600999999999985,8052
942,Otro,Otro,4.133999999999972,8053
943,Otro,Otro,1.5710000000000264,8054
944,Otro,Otro,0.2849999999999824,8055
945,Otro,Otro,8.612999999999971,8057
946,Otro,Otro,1.6920000000000215,8058
947,Otro,Otro,5.023999999999987,8059
948,Otro,Otro,2.086999999999989,8062
949,Otro,Otro,1.4859999999999332,8063
950,Otro,Otro,0.11599999999997124,8064
951,Otro,Otro,0.4340000000000259,8074
952,Otro,Otro,0.34799999999998477,8076
953,Otro,Otro,27.014999999999958,8077
954,Otro,Otro,0.8730000000000047,8078
955,Otro,Otro,13.337000000000018,8082
956,Otro,Otro,7.447000000000017,8088
957,Otro,Otro,5.450999999999823,8089
958,Otro,Otro,1.6679999999999922,8090
959,Otro,Otro,0.01300000000000523,8092
960,Otro,Otro,1.3049999999999642,8097
961,Otro,Otro,2.8510000000000133,8098
962,Otro,Otro,0.9540000000001072,8100
963,Otro,Otro,3.1510000000000247,8102
964,Otro,Otro,0.29999999999998295,8104
965,Otro,Otro,1.1449999999999534,8105
966,Otro,Otro,7.498999999999995,8106
967,Otro,Otro,1.2719999999999203,8107
968,Otro,Otro,0.0119999999999294,8108
969,Otro,Otro,1.641999999999996,8111
970,Otro,Otro,0.5349999999999966,8113
971,Otro,Otro,0.8629999999999853,8114
972,Otro,Otro,23.88800000000002,8115
973,Otro,Otro,2.587999999999994,8116
974,Otro,Otro,3.14700000000002,8117
975,Otro,Otro,2.166000000000011,8118
976,Otro,Otro,0.1529999999999916,8119
977,Otro,Otro,8.818000000000026,8125
978,Otro,Otro,6.239000000000033,8127
979,Otro,Otro,2.442999999999998,8129
980,Otro,Otro,0.06799999999996942,8130
981,Otro,Otro,3.043999999999997,8131
982,Otro,Otro,1.3740000000000094,8133
983,Otro,Otro,2.105000000000004,8134
984,Otro,Otro,4.712999999999994,8135
985,Otro,Otro,2.623999999999967,8141
986,Otro,Otro,0.41900000000001114,8142
987,Otro,Otro,5.915999999999883,8152
988,Otro,Otro,1.2409999999999854,8159
989,Otro,Otro,1.8220000000000027,8160
990,Otro,Otro,1.5200000000000244,8170
991,Otro,Otro,2.816999999999993,8172
992,Otro,Otro,0.03299999999997283,8174
993,Otro,Otro,1.399000000000001,8176
994,Otro,Otro,0.004999999999910187,8177
995,Otro,Otro,0.8880000000000194,8178
996,Otro,Otro,3.912000000000006,8183
997,Otro,Otro,0.19400000000001683,8187
998,Otro,Otro,3.972999999999999,8188
999,Otro,Otro,1.6580000000000013,8189
1000,Otro,Otro,0.5749999999999744,8193
1001,Otro,Otro,24.85300000000001,8202
1002,Otro,Otro,1.0009999999999337,8203
1003,Otro,Otro,2.1330000000000098,8204
1004,Otro,Otro,3.075000000000003,8205
1005,Otro,Otro,2.3739999999999952,8206
1006,Otro,Otro,7.258999999999986,8207
1007,Otro,Otro,4.643999999999963,8209
1008,Otro,Otro,2.2830000000000013,8230
1009,Otro,Otro,1.4310000000000116,8234
1010,Otro,Otro,1.779999999999987,8238
1011,Otro,Otro,0.0859999999999701,8240
1012,Otro,Otro,6.5309999999999775,8244
1013,Otro,Otro,5.4269999999999925,8245
1014,Otro,Otro,10.106000000000023,8246
1015,Otro,Otro,4.385999999999996,8247
1016,Otro,Otro,4.965000000000003,8248
1017,Otro,Otro,6.626000000000005,8249
1018,Otro,Otro,2.3870000000000005,8250
1019,Otro,Otro,1.815999999999974,8251
1020,Otro,Otro,1.7620000000000005,8252
1021,Otro,Otro,18.993000000000038,8253
1022,Otro,Otro,2.759999999999991,8254
1023,Otro,Otro,0.22000000000002728,8257
1024,Otro,Otro,0.06699999999996464,8263
1025,Otro,Otro,1.6899999999999835,8264
1026,Otro,Otro,0.15899999999999181,8265
1027,Otro,Otro,1.5549999999999926,8274
1028,Otro,Otro,2.0970000000000084,8275
1029,Otro,Otro,2.5749999999999886,8277
1030,Otro,Otro,50.218999999999966,8280
1031,Otro,Otro,0.16200000000000614,8285
1032,Otro,Otro,0.39099999999999113,8286
1033,Otro,Otro,16.014000000000024,8287
1034,Otro,Otro,1.4790000000000134,8289
1035,Otro,Otro,3.5630000000000024,8292
1036,Otro,Otro,0.8079999999999927,8294
1037,Otro,Otro,2.9420000000000073,8295
1038,Otro,Otro,1.5339999999999918,8299
1039,Otro,Otro,2.3540000000000276,8300
1040,Otro,Otro,1.7779999999999774,8301
1041,Otro,Otro,1.6380000000000052,8302
1042,Otro,Otro,2.068000000000012,8303
1043,Otro,Otro,4.231000000000023,8304
1044,Otro,Otro,0.42499999999999716,8305
1045,Otro,Otro,3.115000000000009,8306
1046,Otro,Otro,0.09899999999989006,8315
1047,Otro,Otro,3.790999999999883,8316
1048,Otro,Otro,8.406000000000063,8317
1049,Otro,Otro,2.2190000000000083,8319
1050,Otro,Otro,1.2610000000000525,8320
1051,Otro,Otro,0.2400000000000091,8323
1052,Otro,Otro,8.10599999999998,8325
1053,Otro,Otro,1.2039999999999509,8327
1054,Otro,Otro,0.012000000000014666,8333
1055,Otro,Otro,0.7110000000000127,8336
1056,Otro,Otro,0.01500000000001478,8338
1057,Otro,Otro,0.5789999999999793,8345
1058,Otro,Otro,6.234999999999971,8346
1059,Otro,Otro,4.454000000000008,8347
1060,Otro,Otro,7.367999999999967,8348
1061,Otro,Otro,0.038000000000025125,8352
1062,Otro,Otro,4.416999999999973,8357
1063,Otro,Otro,0.8419999999999561,8358
1064,Otro,Otro,7.145000000000067,8363
1065,Otro,Otro,0.05700000000000216,8367
1066,Otro,Otro,1.2290000000000134,8372
1067,Otro,Otro,3.7680000000000007,8373
1068,Otro,Otro,0.06599999999994566,8375
1069,Otro,Otro,2.529999999999987,8377
1070,Otro,Otro,1.2740000000000435,8379
1071,Otro,Otro,2.2269999999999897,8380
1072,Otro,Otro,0.05300000000001148,8381
1073,Otro,Otro,16.829000000000008,8384
1074,Otro,Otro,8.181000000000068,8387
1075,Otro,Otro,12.181000000000012,8392
1076,Otro,Otro,8.164999999999992,8393
1077,Otro,Otro,2.528000000000006,8395
1078,Otro,Otro,0.03499999999999659,8401
1079,Otro,Otro,0.8340000000000032,8409
1080,Otro,Otro,8.197999999999979,8411
1081,Otro,Otro,5.694999999999993,8413
1082,Otro,Otro,0.07499999999996021,8421
1083,Otro,Otro,5.69800000000005,8422
1084,Otro,Otro,1.6539999999999822,8427
1085,Otro,Otro,1.9439999999999884,8430
1086,Otro,Otro,1.8660000000000139,8434
1087,Otro,Otro,0.7470000000000141,8435
1088,Otro,Otro,1.301000000000002,8437
1089,Otro,Otro,1.4100000000000108,8438
1090,Otro,Otro,5.081000000000003,8442
1091,Otro,Otro,1.0720000000000027,8448
1092,Otro,Otro,1.6779999999999973,8452
1093,Otro,Otro,1.007000000000005,8455
1094,Otro,Otro,0.8639999999999901,8456
1095,Otro,Otro,4.121999999999986,8457
1096,Otro,Otro,0.22699999999997544,8458
1097,Otro,Otro,0.38700000000001467,8459
1098,Otro,Otro,0.044999999999987494,8460
1099,Otro,Otro,0.2079999999999984,8471
1100,Otro,Otro,1.0030000000000001,8475
1101,Otro,Otro,2.97499999999998,8479
1102,Otro,Otro,2.442999999999998,8480
1103,Otro,Otro,3.0590000000000117,8481
1104,Otro,Otro,6.670000000000002,8482
1105,Otro,Otro,1.5049999999999955,8484
1106,Otro,Otro,0.8490000000000038,8488
1107,Otro,Otro,0.16499999999997783,8490
1108,Otro,Otro,2.1269999999999953,8492
1109,Otro,Otro,0.09600000000000364,8493
1110,Otro,Otro,0.2150000000000034,8494
1111,Otro,Otro,0.33099999999998886,8495
1112,Otro,Otro,6.366,8502
1113,Otro,Otro,0.5880000000000081,8506
1114,Otro,Otro,1.0689999999999884,8513
1115,Otro,Otro,1.039999999999992,8514
1116,Otro,Otro,1.2450000000000045,8515
1117,Otro,Otro,2.293999999999997,8517
1118,Otro,Otro,3.5150000000000006,8519
1119,Otro,Otro,13.958999999999989,8521
1120,Otro,Otro,2.2789999999999964,8525
1121,Otro,Otro,1.1509999999999962,8529
1122,Otro,Otro,0.17399999999997817,8532
1123,Otro,Otro,7.421999999999997,8533
1124,Otro,Otro,3.201999999999998,8534
1125,Otro,Otro,1.3119999999999834,8536
1126,Otro,Otro,2.48299999999999,8537
1127,Otro,Otro,0.11299999999998533,8553
1128,Otro,Otro,2.1700000000000017,8555
1129,Otro,Otro,4.776999999999973,8575
1130,Otro,Otro,3.801000000000002,8576
1131,Otro,Otro,2.2620000000000005,8577
1132,Otro,Otro,9.293999999999983,8578
1133,Otro,Otro,0.29699999999999704,8588
1134,Otro,Otro,4.093000000000018,8589
1135,Otro,Otro,0.9820000000000277,8600
1136,Otro,Otro,7.536000000000016,8604
1137,Otro,Otro,4.385000000000005,8606
1138,Otro,Otro,0.6119999999999521,8608
1139,Otro,Otro,3.5169999999999817,8609
1140,Otro,Otro,0.9080000000000155,8610
1141,Otro,Otro,1.5089999999999861,8615
1142,Otro,Otro,24.964000000000027,8618
1143,Otro,Otro,7.783000000000001,8619
1144,Otro,Otro,0.07000000000000739,8620
1145,Otro,Otro,0.06200000000001182,8621
1146,Otro,Otro,6.622,8622
1147,Otro,Otro,0.9550000000000267,8625
1148,Otro,Otro,3.8810000000000002,8629
1149,Otro,Otro,0.7860000000000014,8638
1150,Otro,Otro,0.6159999999999997,8639
1151,Otro,Otro,1.8739999999999952,8640
1152,Otro,Otro,1.6520000000000152,8661
1153,Otro,Otro,0.042999999999977945,8676
1154,Otro,Otro,0.4859999999999758,8678
1155,Otro,Otro,1.646000000000015,8679
1156,Otro,Otro,2.835000000000008,8684
1157,Otro,Otro,2.2020000000000266,8685
1158,Otro,Otro,3.667999999999992,8687
1159,Otro,Otro,1.5159999999999911,8694
1160,Otro,Otro,5.74199999999999,8695
1161,Otro,Otro,13.320999999999984,8696
1162,Otro,Otro,0.07400000000001228,8702
1163,Otro,Otro,1.0870000000000033,8705
1164,Otro,Otro,2.933999999999969,8707
1165,Otro,Otro,4.6959999999999695,8710
1166,Otro,Otro,2.790999999999997,8712
1167,Otro,Otro,5.25500000000001,8723
1168,Otro,Otro,4.399000000000001,8725
1169,Otro,Otro,0.09200000000002717,8730
1170,Otro,Otro,0.5599999999999312,8731
1171,Otro,Otro,4.906000000000006,8740
1172,Otro,Otro,2.5160000000000196,8741
1173,Otro,Otro,10.216000000000008,8744
1174,Otro,Otro,2.8619999999999948,8749
1175,Otro,Otro,0.5600000000000023,8750
1176,Otro,Otro,11.640999999999991,8753
1177,Otro,Otro,0.03900000000005832,8755
1178,Otro,Otro,0.3990000000000009,8757
1179,Otro,Otro,0.0239999999999867,8766
1180,Otro,Otro,1.9919999999999618,8773
1181,Otro,Otro,1.6910000000000025,8774
1182,Otro,Otro,2.349000000000032,8775
1183,Otro,Otro,13.760000000000005,8776
1184,Otro,Otro,3.291000000000011,8777
1185,Otro,Otro,2.106999999999985,8785
1186,Otro,Otro,3.256999999999991,8787
1187,Otro,Otro,2.8029999999999973,8788
1188,Otro,Otro,0.7139999999999986,8789
1189,Otro,Otro,1.0959999999999752,8795
1190,Otro,Otro,11.109000000000037,8799
1191,Otro,Otro,1.5629999999999882,8801
1192,Otro,Otro,5.6839999999999975,8805
1193,Otro,Otro,0.3680000000000234,8806
1194,Otro,Otro,6.110000000000028,8807
1195,Otro,Otro,1.434999999999988,8811
1196,Otro,Otro,2.798000000000016,8812
1197,Otro,Otro,18.25,8813
1198,Otro,Otro,2.2940000000000254,8819
1199,Otro,Otro,2.7409999999999997,8820
1200,Otro,Otro,2.2730000000000246,8822
1201,Otro,Otro,3.6189999999999856,8823
1202,Otro,Otro,1.0360000000000014,8824
1203,Otro,Otro,3.8589999999999947,8825
1204,Otro,Otro,6.228000000000037,8826
1205,Otro,Otro,10.385000000000034,8827
1206,Otro,Otro,5.927999999999997,8844
1207,Otro,Otro,10.667000000000002,8845
1208,Otro,Otro,6.224000000000032,8846
1209,Otro,Otro,10.682999999999964,8853
1210,Otro,Otro,0.5079999999999956,8857
1211,Otro,Otro,1.7059999999999889,8858
1212,Otro,Otro,5.123999999999967,8859
1213,Otro,Otro,0.9059999999999917,8872
1214,Otro,Otro,0.11399999999999011,8881
1215,Otro,Otro,7.374999999999986,8885
1216,Otro,Otro,5.442999999999984,8886
1217,Otro,Otro,1.938999999999993,8890
1218,Otro,Otro,2.3500000000000085,8893
1219,Otro,Otro,0.34799999999997056,8897
1220,Otro,Otro,2.374999999999986,8898
1221,Otro,Otro,10.528000000000006,8900
1222,Otro,Otro,0.27000000000001023,8902
1223,Otro,Otro,4.179999999999993,8906
1224,Otro,Otro,8.253000000000029,8907
1225,Otro,Otro,1.5339999999999918,8908
1226,Otro,Otro,41.88500000000001,8910
1227,Otro,Otro,20.995000000000005,8911
1228,Otro,Otro,0.7049999999999272,8912
1229,Otro,Otro,3.36099999999999,8915
1230,Otro,Otro,1.7780000000000058,8916
1231,Otro,Otro,3.0570000000000164,8918
1232,Otro,Otro,1.4259999999999877,8924
1233,Otro,Otro,0.9030000000000342,8929
1234,Otro,Otro,20.61500000000001,8931
1235,Otro,Otro,0.8280000000000172,8932
1236,Otro,Otro,3.6420000000000243,8933
1237,Otro,Otro,1.47499999999998,8934
1238,Otro,Otro,3.205999999999989,8935
1239,Otro,Otro,4.951000000000008,8937
1240,Otro,Otro,1.7469999999999999,8940
1241,Otro,Otro,3.0950000000000273,8941
1242,Otro,Otro,16.435999999999993,8944
1243,Otro,Otro,3.0370000000000203,8945
1244,Otro,Otro,1.7459999999999951,8946
1245,Otro,Otro,1.5729999999999933,8948
1246,Otro,Otro,0.26499999999995794,8950
1247,Otro,Otro,0.09799999999997056,8952
1248,Otro,Otro,0.04799999999998761,8953
1249,Otro,Otro,0.375,8954
1250,Otro,Otro,0.5279999999999205,8956
1251,Otro,Otro,9.709000000000003,8957
1252,Otro,Otro,1.7350000000000279,8959
1253,Otro,Otro,1.7509999999999906,8966
1254,Otro,Otro,1.0319999999999965,8967
1255,Otro,Otro,1.0,8970
1256,Otro,Otro,12.253000000000014,8971
1257,Otro,Otro,0.07099999999994111,8976
1258,Otro,Otro,1.0570000000000022,8979
1259,Otro,Otro,0.769999999999996,8980
1260,Otro,Otro,1.4990000000000094,8982
1261,Otro,Otro,7.918000000000021,8986
1262,Otro,Otro,0.4380000000000024,8987
1263,Otro,Otro,5.460999999999984,8991
1264,Otro,Otro,1.2110000000000127,8992
1265,Otro,Otro,2.394999999999982,8993
1266,Otro,Otro,0.9629999999999939,8994
1267,Otro,Otro,23.789,8995
1268,Otro,Otro,6.293999999999997,8996
1269,Otro,Otro,27.350000000000023,8997
1270,Otro,Otro,0.3340000000000458,9003
1271,Otro,Otro,6.904999999999987,9004
1272,Otro,Otro,2.98599999999999,9005
1273,Otro,Otro,3.7819999999999823,9006
1274,Otro,Otro,5.344999999999999,9007
1275,Otro,Otro,0.21800000000000352,9019
1276,Otro,Otro,6.789999999999992,9021
1277,Otro,Otro,21.93099999999997,9022
1278,Otro,Otro,5.81399999999995,9023
1279,Otro,Otro,2.8759999999999906,9024
1280,Otro,Otro,4.505999999999972,9025
1281,Otro,Otro,4.274000000000001,9027
1282,Otro,Otro,3.334000000000046,9033
1283,Otro,Otro,14.289999999999935,9034
1284,Otro,Otro,11.009,9038
1285,Otro,Otro,7.965000000000018,9041
1286,Otro,Otro,2.5300000000000153,9042
1287,Otro,Otro,1.801000000000002,9043
1288,Otro,Otro,2.64200000000001,9048
1289,Otro,Otro,7.933000000000021,9054
1290,Otro,Otro,0.4049999999999585,9056
1291,Otro,Otro,0.7290000000000134,9060
1292,Otro,Otro,0.2979999999999734,9061
1293,Otro,Otro,0.7590000000000146,9062
1294,Otro,Otro,0.5260000000000105,9063
1295,Otro,Otro,0.8810000000000002,9065
1296,Otro,Otro,0.8539999999999992,9067
1297,Otro,Otro,2.7310000000000088,9072
1298,Otro,Otro,6.833999999999989,9073
1299,Otro,Otro,10.835000000000093,9074
1300,Otro,Otro,0.8670000000000044,9079
1301,Otro,Otro,0.3509999999999849,9084
1302,Otro,Otro,2.184999999999974,9094
1303,Otro,Otro,0.06999999999999318,9102
1304,Otro,Otro,62.644000000000005,9104
1305,Otro,Otro,0.09699999999995157,9106
1306,Otro,Otro,0.1419999999999959,9145
1307,Otro,Otro,6.700999999999993,9154
1308,Otro,Otro,3.4299999999999784,9158
1309,Otro,Otro,8.00200000000001,9162
1310,Otro,Otro,0.7420000000000044,9166
1311,Otro,Otro,0.37699999999999534,9187
1312,Otro,Otro,0.19599999999999795,9189
1313,Otro,Otro,1.6550000000000153,9190
1314,Otro,Otro,3.9819999999999993,9191
1315,Otro,Otro,1.7630000000000052,9192
1316,Otro,Otro,4.528999999999996,9193
1317,Otro,Otro,0.125,9201
1318,Otro,Otro,2.913000000000011,9209
1319,Otro,Otro,9.87299999999999,9221
1320,Otro,Otro,50.73300000000004,9222
1321,Otro,Otro,1.2600000000000051,9223
1322,Otro,Otro,0.22299999999998477,9226
1323,Otro,Otro,0.07299999999999329,9228
1324,Otro,Otro,0.04200000000000159,9231
1325,Otro,Otro,2.6789999999999736,9238
1326,Otro,Otro,0.07499999999997442,9248
1327,Otro,Otro,0.5090000000000003,9253
1328,Otro,Otro,5.156000000000006,9254
1329,Otro,Otro,2.948999999999984,9255
1330,Otro,Otro,6.211999999999989,9259
1331,Otro,Otro,7.557000000000002,9260
1332,Otro,Otro,6.569000000000003,9261
1333,Otro,Otro,11.941000000000031,9291
1334,Otro,Otro,5.629999999999981,9294
1335,Otro,Otro,0.4890000000000043,9310
1336,Otro,Otro,12.188999999999993,9328
1337,Otro,Otro,5.471000000000004,9345
1338,Otro,Otro,3.7510000000000048,9352
1339,Otro,Otro,0.5279999999999774,9362
1340,Otro,Otro,3.3789999999999907,9365
1341,Otro,Otro,0.6829999999999927,9371
1342,Otro,Otro,3.3380000000000223,9372
1343,Otro,Otro,0.6999999999999886,9399
1344,Otro,Otro,11.411000000000001,9405
1345,Otro,Otro,3.47199999999998,9412
1346,Otro,Otro,6.03400000000002,9414
1347,Otro,Otro,0.679000000000002,9421
1348,Otro,Otro,7.169000000000011,9422
1349,Otro,Otro,17.285000000000082,9426
1350,Otro,Otro,5.219000000000008,9428
1351,Otro,Otro,2.0779999999999887,9429
1352,Otro,Otro,1.7409999999999854,9430
1353,Otro,Otro,2.9879999999999995,9431
1354,Otro,Otro,2.2520000000000095,9432
1355,Otro,Otro,17.466000000000008,9440
1356,Otro,Otro,0.5209999999999866,9445
1357,Otro,Otro,0.036000000000001364,9447
1358,Otro,Otro,5.882000000000019,9449
1359,Otro,Otro,2.062000000000012,9450
1360,Otro,Otro,1.4989999999999952,9456
1361,Otro,Otro,12.169999999999987,9457
1362,Otro,Otro,3.539999999999992,9473
1363,Otro,Otro,3.609000000000009,9474
1364,Otro,Otro,18.077000000000012,9484
1365,Otro,Otro,0.028000000000005798,9487
1366,Otro,Otro,0.5719999999999885,9489
1367,Otro,Otro,0.38999999999998636,9490
1368,Otro,Otro,0.632000000000005,9511
1369,Otro,Otro,0.2219999999999942,9519
1370,Otro,Otro,0.277000000000001,9521
1371,Otro,Otro,0.0,9533
1372,Otro,Otro,3.867999999999995,9535
1373,Otro,Otro,2.0379999999999967,9537
1374,Otro,Otro,0.06900000000004525,9539
1375,Otro,Otro,13.224000000000004,9541
1376,Otro,Otro,0.18200000000000216,9547
1377,Otro,Otro,7.451000000000022,9548
1378,Otro,Otro,0.9649999999999892,9557
1379,Otro,Otro,3.695999999999998,9561
1380,Otro,Otro,0.03799999999995407,9564
1381,Otro,Otro,8.930000000000007,9568
1382,Otro,Otro,4.513000000000005,9569
1383,Otro,Otro,20.430999999999997,9570
1384,Otro,Otro,0.6250000000000142,9575
1385,Otro,Otro,7.884999999999991,9576
1386,Otro,Otro,0.033999999999991815,9577
1387,Otro,Otro,1.3689999999999998,9585
1388,Otro,Otro,12.875999999999976,9586
1389,Otro,Otro,12.195000000000022,9587
1390,Otro,Otro,3.146000000000001,9593
1391,Otro,Otro,2.9140000000000015,9594
1392,Otro,Otro,1.2780000000000058,9595
1393,Otro,Otro,3.793999999999997,9596
1394,Otro,Otro,3.951999999999913,9597
1395,Otro,Otro,12.475999999999999,9607
1396,Otro,Otro,11.241,9608
1397,Otro,Otro,12.244,9609
1398,Otro,Otro,8.721999999999994,9610
1399,Otro,Otro,5.194999999999993,9625
1400,Otro,Otro,0.014999999999986358,9630
1401,Otro,Otro,13.015,9632
1402,Otro,Otro,0.054000000000002046,9646
1403,Otro,Otro,0.01300000000000523,9647
1404,Otro,Otro,24.342000000000013,9648
1405,Otro,Otro,0.018000000000000682,9649
